{
  "title": "Register Business",
  "visibility": "All",
  "expiry": 0,
  "isAnonymous": false,
  "isResponseAppended": true,
  "isLocationRequested": false,
  "questions": [
    {
      "title": "Password",
      "type": "Text",
      "isOptional": true
    },
    {
      "title": "Confirm Password",
      "type": "Text",
      "isOptional": true
    },
    {
      "title": "ID Number",
      "type": "Numeric",
      "isOptional": true
    }, 
    {
      "title": "Loan Balance",
      "type": "Numeric",
      "isOptional": true
      
    },
    {
      "title": "Shares Balance",
      "type": "Numeric",
      "isOptional": true
      
    },
    {
      "title": "Name",
      "type": "Text"
    },
    {
      "title": "Phone",
      "type": "Text"
    },
    {
      "title": "Location",
      "type": "Location"
    },
    {
      "title": "Response Time",
      "type": "DateTime"
    }
  ]
}